Name,Location Type,Parent Name,Capacity,Latitude 1,Longitude 1,Latitude 2,Longitude 2,Latitude 3,Longitude 3,Latitude 4,Longitude 4,Latitude 5,Longitude 5,Circle Radius,Circle Center
D-10 5                        ,                              ,                              ,                              ,18.902573850777486,73.04658845478976,18.902456382159507,73.04660304934879,18.9024611658978,73.0466365814209,18.902579162459237,73.04662317037582,18.902517640323506,73.04661281398381,                                                            ,                                                                                                    
D-10 4                        ,                              ,                              ,                              ,18.902568539095736,73.0465537392037,18.902451598421216,73.0465695172767,18.902456382159507,73.04660304934879,18.902573850777486,73.04658845478976,18.902512592613483,73.04657869015473,                                                            ,                                                                                                    
D-10 3                        ,                              ,                              ,                              ,18.902563227413985,73.04651902361763,18.90244681468292,73.04653598520459,18.902451598421216,73.0465695172767,18.902568539095736,73.0465537392037,18.902507544903465,73.04654456632565,                                                            ,                                                                                                    
D-10 2                        ,                              ,                              ,                              ,18.902557915732235,73.04648430803158,18.90244203094463,73.04650245313249,18.90244681468292,73.04653598520459,18.902563227413985,73.04651902361763,18.902502497193446,73.04651044249657,                                                            ,                                                                                                    
D-10 1                        ,                              ,                              ,                              ,18.902552604050484,73.04644959244551,18.902437247206336,73.04646892106038,18.90244203094463,73.04650245313249,18.902557915732235,73.04648430803158,18.90249744948342,73.04647631866749,                                                            ,                                                                                                    
C-6 7                         ,                              ,                              ,                              ,18.90303836018654,73.04685041907595,18.902939682294427,73.04685607012819,18.90294076430668,73.04687932133675,18.903039728886622,73.04687395691872,18.90298963391857,73.0468649418649,                                                            ,                                                                                                    
C-6 6                         ,                              ,                              ,                              ,18.90303699148646,73.04682688123319,18.902938600282173,73.04683281891963,18.902939682294427,73.04685607012819,18.90303836018654,73.04685041907595,18.9029884085624,73.04684154733924,                                                            ,                                                                                                    
C-6 5                         ,                              ,                              ,                              ,18.903035622786376,73.04680334339042,18.90293751826992,73.04680956771107,18.902938600282173,73.04683281891963,18.90303699148646,73.04682688123319,18.902987183206232,73.04681815281359,                                                            ,                                                                                                    
C-6 4                         ,                              ,                              ,                              ,18.903034254086293,73.04677980554764,18.90293643625766,73.04678631650252,18.90293751826992,73.04680956771107,18.903035622786376,73.04680334339042,18.902985957850063,73.04679475828792,                                                            ,                                                                                                    
C-6 3                         ,                              ,                              ,                              ,18.90303288538621,73.04675626770488,18.902935354245407,73.04676306529396,18.90293643625766,73.04678631650252,18.903034254086293,73.04677980554764,18.90298473249389,73.04677136376225,                                                            ,                                                                                                    
C-6 2                         ,                              ,                              ,                              ,18.90303151668613,73.04673272986211,18.902934272233153,73.0467398140854,18.902935354245407,73.04676306529396,18.90303288538621,73.04675626770488,18.902983507137726,73.04674796923659,                                                            ,                                                                                                    
C-6 1                         ,                              ,                              ,                              ,18.903030147986048,73.04670919201935,18.9029331902209,73.04671656287684,18.902934272233153,73.0467398140854,18.90303151668613,73.04673272986211,18.902982281781558,73.04672457471094,                                                            ,                                                                                                    
C-5 7                         ,                              ,                              ,                              ,18.903165882680838,73.04683805171085,18.903046935275473,73.04685182569122,18.903049179630415,73.04687817118729,18.903167725156607,73.04686458606398,18.903107430685832,73.04685815866334,                                                            ,                                                                                                    
C-5 6                         ,                              ,                              ,                              ,18.903164040205066,73.04681151735772,18.90304469092053,73.04682548019515,18.903046935275473,73.04685182569122,18.903165882680838,73.04683805171085,18.903105387270475,73.04683171873874,                                                            ,                                                                                                    
C-5 5                         ,                              ,                              ,                              ,18.903162197729298,73.0467849830046,18.90304244656559,73.04679913469909,18.90304469092053,73.04682548019515,18.903164040205066,73.04681151735772,18.903103343855122,73.04680527881413,                                                            ,                                                                                                    
C-5 4                         ,                              ,                              ,                              ,18.90316035525353,73.04675844865147,18.90304020221065,73.04677278920303,18.90304244656559,73.04679913469909,18.903162197729298,73.0467849830046,18.90310130043977,73.04677883888955,                                                            ,                                                                                                    
C-5 3                         ,                              ,                              ,                              ,18.90315851277776,73.04673191429835,18.90303795785571,73.04674644370697,18.90304020221065,73.04677278920303,18.90316035525353,73.04675844865147,18.90309925702441,73.04675239896495,                                                            ,                                                                                                    
C-5 2                         ,                              ,                              ,                              ,18.90315667030199,73.04670537994522,18.903035713500767,73.0467200982109,18.90303795785571,73.04674644370697,18.90315851277776,73.04673191429835,18.903097213609055,73.04672595904036,                                                            ,                                                                                                    
C-5 1                         ,                              ,                              ,                              ,18.90315482782622,73.0466788455921,18.903033469145825,73.04669375271483,18.903035713500767,73.0467200982109,18.90315667030199,73.04670537994522,18.9030951701937,73.04669951911576,                                                            ,                                                                                                    
B-1 1                         ,                              ,                              ,                              ,18.903593000403042,73.04690825018706,18.903537088453337,73.04691419005394,18.903539625998356,73.04693832993507,18.90359672075111,73.04693296551704,18.903566608901464,73.04692343392328,                                                            ,                                                                                                    
A-1 3                         ,                              ,                              ,                              ,18.903261370321356,73.04721485268216,18.903145884156785,73.04722086535494,18.90314884361204,73.0472481250763,18.903264302139362,73.04724276065826,18.903205100057388,73.04723165094292,                                                            ,                                                                                                    
A-1 2                         ,                              ,                              ,                              ,18.903258438503347,73.04718694470606,18.90314292470153,73.0471936056336,18.903145884156785,73.04722086535494,18.903261370321356,73.04721485268216,18.903202154420754,73.04720406709419,                                                            ,                                                                                                    
A-1 1                         ,                              ,                              ,                              ,18.90325550668534,73.04715903672995,18.903139965246275,73.04716634591225,18.90314292470153,73.0471936056336,18.903258438503347,73.04718694470606,18.903199208784123,73.04717648324547,                                                            ,                                                                                                    
B-9 3                         ,                              ,                              ,                              ,18.90227114246843,73.04704611242354,18.902151188854624,73.04705615531545,18.90215285190903,73.04708316922188,18.902272834168144,73.04707248952718,18.902212004350055,73.04706448162202,                                                            ,                                                                                                    
B-9 2                         ,                              ,                              ,                              ,18.90226945076871,73.04701973531992,18.902149525800215,73.04702914140901,18.902151188854624,73.04705615531545,18.90227114246843,73.04704611242354,18.902210326972995,73.04703778611699,                                                            ,                                                                                                    
B-9 1                         ,                              ,                              ,                              ,18.902267759068994,73.04699335821628,18.90214786274581,73.04700212750258,18.902149525800215,73.04702914140901,18.90226945076871,73.04701973531992,18.902208649595934,73.04701109061195,                                                            ,                                                                                                    
B-8 4                         ,                              ,                              ,                              ,18.902399712347275,73.04703661276785,18.902282289218792,73.04704681553797,18.902283536508623,73.04707244038582,18.902400981119133,73.04706175643788,18.902341629798453,73.04705440628238,                                                            ,                                                                                                    
B-8 3                         ,                              ,                              ,                              ,18.902398443575414,73.04701146909781,18.90228104192896,73.04702119069012,18.902282289218792,73.04704681553797,18.902399712347275,73.04703661276785,18.90234037176761,73.04702902202344,                                                            ,                                                                                                    
B-8 2                         ,                              ,                              ,                              ,18.902397174803554,73.04698632542778,18.902279794639128,73.04699556584225,18.90228104192896,73.04702119069012,18.902398443575414,73.04701146909781,18.902339113736765,73.04700363776449,                                                            ,                                                                                                    
B-8 1                         ,                              ,                              ,                              ,18.902395906031696,73.04696118175775,18.902278547349297,73.0469699409944,18.902279794639128,73.04699556584225,18.902397174803554,73.04698632542778,18.90233785570592,73.04697825350556,                                                            ,                                                                                                    
B-7 4                         ,                              ,                              ,                              ,18.902522723241532,73.0470384336348,18.902406291393447,73.0470412815961,18.902406608319765,73.04706707596779,18.90252333613946,73.04706439375877,18.90246473977355,73.04705279623937,                                                            ,                                                                                                    
B-7 3                         ,                              ,                              ,                              ,18.902522110343604,73.04701247351082,18.90240597446713,73.0470154872244,18.902406291393447,73.0470412815961,18.902522723241532,73.0470384336348,18.90246427486143,73.04702691899152,                                                            ,                                                                                                    
B-7 2                         ,                              ,                              ,                              ,18.902521497445676,73.04698651338683,18.90240565754081,73.04698969285269,18.90240597446713,73.0470154872244,18.902522110343604,73.04701247351082,18.902463809949303,73.04700104174368,                                                            ,                                                                                                    
B-7 1                         ,                              ,                              ,                              ,18.902520884547748,73.04696055326285,18.902405340614493,73.046963898481,18.90240565754081,73.04698969285269,18.902521497445676,73.04698651338683,18.902463345037184,73.04697516449585,                                                            ,                                                                                                    
B-6 4                         ,                              ,                              ,                              ,18.90264579487671,73.04703206338839,18.90253475597382,73.04703557590771,18.90253602394105,73.04706037044525,18.902647676553485,73.04705768823624,18.90259106283627,73.0470464244944,                                                            ,                                                                                                    
B-6 3                         ,                              ,                              ,                              ,18.902643913199938,73.04700643854054,18.90253348800659,73.04701078137018,18.90253475597382,73.04703557590771,18.90264579487671,73.04703206338839,18.902589488014264,73.0470212148017,                                                            ,                                                                                                    
B-6 2                         ,                              ,                              ,                              ,18.90264203152316,73.04698081369267,18.90253222003936,73.04698598683265,18.90253348800659,73.04701078137018,18.902643913199938,73.04700643854054,18.902587913192264,73.04699600510901,                                                            ,                                                                                                    
B-6 1                         ,                              ,                              ,                              ,18.902640149846388,73.04695518884482,18.902530952072134,73.04696119229511,18.90253222003936,73.04698598683265,18.90264203152316,73.04698081369267,18.90258633837026,73.04697079541631,                                                            ,                                                                                                    
B-4 6                         ,                              ,                              ,                              ,18.902976304388115,73.04706116860677,18.902854290310753,73.0470676506119,18.902855756223335,73.04709255695343,18.902977558836827,73.0470858514309,18.902915977439758,73.04707680690075,                                                            ,                                                                                                    
B-4 5                         ,                              ,                              ,                              ,18.902975049939407,73.04703648578267,18.90285282439817,73.04704274427037,18.902854290310753,73.0470676506119,18.902976304388115,73.04706116860677,18.902914617259114,73.04705201231792,                                                            ,                                                                                                    
B-4 4                         ,                              ,                              ,                              ,18.902973795490695,73.04701180295856,18.902851358485584,73.04701783792885,18.90285282439817,73.04704274427037,18.902975049939407,73.04703648578267,18.902913257078467,73.0470272177351,                                                            ,                                                                                                    
B-4 3                         ,                              ,                              ,                              ,18.902972541041983,73.04698712013445,18.902849892573002,73.04699293158731,18.902851358485584,73.04701783792885,18.902973795490695,73.04701180295856,18.902911896897816,73.04700242315229,                                                            ,                                                                                                    
B-4 2                         ,                              ,                              ,                              ,18.902971286593274,73.04696243731033,18.90284842666042,73.04696802524577,18.902849892573002,73.04699293158731,18.902972541041983,73.04698712013445,18.902910536717172,73.04697762856946,                                                            ,                                                                                                    
B-4 1                         ,                              ,                              ,                              ,18.902970032144562,73.04693775448622,18.902846960747837,73.04694311890425,18.90284842666042,73.04696802524577,18.902971286593274,73.04696243731033,18.902909176536525,73.04695283398664,                                                            ,                                                                                                    
A-10 4                        ,                              ,                              ,                              ,18.902191888474448,73.0472456342812,18.9021201803517,73.04724714531753,18.90211986354738,73.0472682416439,18.902192184177906,73.0472669005394,18.90215602913786,73.04725698044551,                                                            ,                                                                                                    
A-10 3                        ,                              ,                              ,                              ,18.90219159277099,73.047224368023,18.902120497156027,73.04722604899115,18.9021201803517,73.04724714531753,18.902191888474448,73.0472456342812,18.902156039688293,73.04723579915321,                                                            ,                                                                                                    
A-10 2                        ,                              ,                              ,                              ,18.902191297067528,73.04720310176478,18.90212081396035,73.04720495266477,18.902120497156027,73.04722604899115,18.90219159277099,73.047224368023,18.902156050238723,73.04721461786093,                                                            ,                                                                                                    
A-10 1                        ,                              ,                              ,                              ,18.90219100136407,73.04718183550658,18.902121130764673,73.04718385633839,18.90212081396035,73.04720495266477,18.902191297067528,73.04720310176478,18.902156060789157,73.04719343656863,                                                            ,                                                                                                    
A-9 4                         ,                              ,                              ,                              ,18.902291551214894,73.04724779920546,18.90219506043121,73.04724932231859,18.902194721743317,73.04727226495743,18.90229186759473,73.04726959785908,18.902243300246038,73.04725974608515,                                                            ,                                                                                                    
A-9 3                         ,                              ,                              ,                              ,18.902291234835054,73.04722600055183,18.90219539911911,73.04722637967976,18.90219506043121,73.04724932231859,18.902291551214894,73.04724779920546,18.902243311400067,73.04723737543891,                                                            ,                                                                                                    
A-9 2                         ,                              ,                              ,                              ,18.90229091845522,73.04720420189821,18.902195737807006,73.0472034370409,18.90219539911911,73.04722637967976,18.902291234835054,73.04722600055183,18.9022433225541,73.04721500479268,                                                            ,                                                                                                    
A-9 1                         ,                              ,                              ,                              ,18.902290602075382,73.04718240324459,18.9021960764949,73.04718049440207,18.902195737807006,73.0472034370409,18.90229091845522,73.04720420189821,18.902243333708128,73.04719263414644,                                                            ,                                                                                                    
A-8 4                         ,                              ,                              ,                              ,18.902413671028484,73.04725148995999,18.902300052166332,73.04725368090824,18.902300030674127,73.04727762937546,18.90241367050985,73.04727496332967,18.9023568560947,73.04726444089334,                                                            ,                                                                                                    
A-8 3                         ,                              ,                              ,                              ,18.90241367154712,73.0472280165903,18.90230007365854,73.04722973244102,18.902300052166332,73.04725368090824,18.902413671028484,73.04725148995999,18.902356867100117,73.04724072997489,                                                            ,                                                                                                    
A-8 2                         ,                              ,                              ,                              ,18.902413672065755,73.0472045432206,18.90230009515075,73.0472057839738,18.90230007365854,73.04722973244102,18.90241367154712,73.0472280165903,18.902356878105543,73.04721701905643,                                                            ,                                                                                                    
A-8 1                         ,                              ,                              ,                              ,18.902413672584387,73.04718106985092,18.902300116642955,73.04718183550658,18.90230009515075,73.0472057839738,18.902413672065755,73.0472045432206,18.902356889110962,73.04719330813798,                                                            ,                                                                                                    
A-7 4                         ,                              ,                              ,                              ,18.902533190677957,73.04725502201275,18.902418662206475,73.04725552138025,18.90241929613019,73.04728299379349,18.902533486380815,73.04728299379349,18.90247615884886,73.04726913274499,                                                            ,                                                                                                    
A-7 3                         ,                              ,                              ,                              ,18.9025328949751,73.04722705023201,18.90241802828276,73.04722804896701,18.902418662206475,73.04725552138025,18.902533190677957,73.04725502201275,18.902475694035573,73.047241410648,                                                            ,                                                                                                    
A-7 2                         ,                              ,                              ,                              ,18.90253259927224,73.04719907845126,18.90241739435904,73.04720057655378,18.90241802828276,73.04722804896701,18.9025328949751,73.04722705023201,18.902475229222286,73.04721368855101,                                                            ,                                                                                                    
A-7 1                         ,                              ,                              ,                              ,18.902532303569384,73.04717110667052,18.902416760435326,73.04717310414054,18.90241739435904,73.04720057655378,18.90253259927224,73.04719907845126,18.902474764409,73.04718596645404,                                                            ,                                                                                                    
A-6 4                         ,                              ,                              ,                              ,18.90265721388986,73.04725233980373,18.90253792757334,73.04725518614697,18.90253856150125,73.04728299379349,18.902657826787294,73.04728031158447,18.902597882437934,73.04726770783216,                                                            ,                                                                                                    
A-6 3                         ,                              ,                              ,                              ,18.902656600992422,73.047224368023,18.90253729364543,73.04722737850045,18.90253792757334,73.04725518614697,18.90265721388986,73.04725233980373,18.902597259025264,73.04723981811854,                                                            ,                                                                                                    
A-6 2                         ,                              ,                              ,                              ,18.902655988094985,73.04719639624224,18.902536659717523,73.04719957085393,18.90253729364543,73.04722737850045,18.902656600992422,73.047224368023,18.90259663561259,73.0472119284049,                                                            ,                                                                                                    
A-6 1                         ,                              ,                              ,                              ,18.90265537519755,73.0471684244615,18.902536025789615,73.04717176320742,18.902536659717523,73.04719957085393,18.902655988094985,73.04719639624224,18.902596012199922,73.04718403869128,                                                            ,                                                                                                    
A-5 3                         ,                              ,                              ,                              ,18.90277844480425,73.0472399037725,18.902664170683096,73.04724454879761,18.902665439462236,73.04727360606194,18.90277907822792,73.04726826735322,18.90272178329438,73.04725658149631,                                                            ,                                                                                                    
A-5 2                         ,                              ,                              ,                              ,18.902777811380584,73.0472115401918,18.902662901903952,73.04721549153328,18.902664170683096,73.04724454879761,18.90277844480425,73.0472399037725,18.902720832192973,73.0472278710738,                                                            ,                                                                                                    
A-5 1                         ,                              ,                              ,                              ,18.902777177956917,73.04718317661109,18.90266163312481,73.04718643426895,18.902662901903952,73.04721549153328,18.902777811380584,73.0472115401918,18.902719881091567,73.04719916065127,                                                            ,                                                                                                    
A-4 2                         ,                              ,                              ,                              ,18.902892318648863,73.04723040975584,18.902784071202298,73.04723274283279,18.902784704657844,73.04726019501686,18.90289263674064,73.0472582784635,18.90283843281241,73.04724540651725,                                                            ,                                                                                                    
A-4 1                         ,                              ,                              ,                              ,18.902892000557088,73.04720254104818,18.902783437746756,73.04720529064872,18.902784071202298,73.04723274283279,18.902892318648863,73.04723040975584,18.902837957038752,73.04721774607138,                                                            ,                                                                                                    
A-3 3                         ,                              ,                              ,                              ,18.903015811905345,73.04722807216037,18.90289974481651,73.0472309774506,18.90290016343644,73.04725885391235,18.903016890911825,73.04725751280785,18.902958152767532,73.0472438540828,                                                            ,                                                                                                    
A-3 2                         ,                              ,                              ,                              ,18.903014732898868,73.04719863151288,18.902899326196582,73.04720310098885,18.90289974481651,73.0472309774506,18.903015811905345,73.04722807216037,18.902957403954325,73.04721519552818,                                                            ,                                                                                                    
A-3 1                         ,                              ,                              ,                              ,18.903013653892387,73.0471691908654,18.902898907576652,73.0471752245271,18.902899326196582,73.04720310098885,18.903014732898868,73.04719863151288,18.902956655141125,73.04718653697356,                                                            ,                                                                                                    
H-5 3                         ,                              ,                              ,                              ,18.90196325352087,73.04694511760461,18.901928363133504,73.04694848332228,18.90194477136509,73.04707512259483,18.901980630770574,73.04707101724755,18.901954254697507,73.04700993519232,                                                            ,                                                                                                    
H-5 2                         ,                              ,                              ,                              ,18.90199814390823,73.04694175188692,18.90196325352087,73.04694511760461,18.901980630770574,73.04707101724755,18.902016490176056,73.04706691190025,18.90198962959393,73.04700619965983,                                                            ,                                                                                                    
H-5 1                         ,                              ,                              ,                              ,18.902033034295595,73.04693838616924,18.90199814390823,73.04694175188692,18.902016490176056,73.04706691190025,18.90205234958154,73.04706280655296,18.902025004490355,73.04700246412735,                                                            ,                                                                                                    
H-3 4                         ,                              ,                              ,                              ,18.901929250240233,73.04668169983582,18.901905439038046,73.04668486118317,18.901923202025603,73.04681494832039,18.90194653673388,73.04681194855041,18.901926107009437,73.04674836447245,                                                            ,                                                                                                    
H-3 3                         ,                              ,                              ,                              ,18.901953061442427,73.04667853848846,18.901929250240237,73.04668169983582,18.90194653673388,73.0468119485504,18.901969871442162,73.04680894878041,18.901949679964677,73.04674528391376,                                                            ,                                                                                                    
H-3 2                         ,                              ,                              ,                              ,18.901976872644617,73.0466753771411,18.901953061442427,73.04667853848846,18.901969871442162,73.04680894878041,18.901993206150443,73.0468059490104,18.901973252919912,73.0467422033551,                                                            ,                                                                                                    
H-3 1                         ,                              ,                              ,                              ,18.902000683846804,73.04667221579375,18.901976872644617,73.0466753771411,18.901993206150443,73.0468059490104,18.90201654085872,73.04680294924042,18.901996825875145,73.04673912279641,                                                            ,                                                                                                    
B-3 1                         ,                              ,                              ,                              ,18.90328716873297,73.04708521257977,18.903263033364752,73.04708853363991,18.903271914786714,73.04714888334274,18.903295414887808,73.04714577836847,18.90327938294306,73.04711710198272,                                                            ,                                                                                                    
B-3 2                         ,                              ,                              ,                              ,18.903311304101187,73.04708189151964,18.90328716873297,73.04708521257977,18.903295414887808,73.04714577836847,18.9033189149889,73.04714267339422,18.903303200677716,73.04711388896553,                                                            ,                                                                                                    
B-3 3                         ,                              ,                              ,                              ,18.903335439469405,73.0470785704595,18.903311304101187,73.04708189151964,18.9033189149889,73.04714267339422,18.903342415089995,73.04713956841995,18.903327018412373,73.04711067594832,                                                            ,                                                                                                    
D-4 6                         ,                              ,                              ,                              ,18.903337270104974,73.0464840413017,18.9032129168472,73.04651029466103,18.90321735747303,73.04653733968735,18.903341696309294,73.04651051119875,18.903277310183626,73.0465105467122,                                                            ,                                                                                                    
D-4 5                         ,                              ,                              ,                              ,18.903332843900657,73.04645757140466,18.90320847622137,73.04648324963472,18.9032129168472,73.04651029466103,18.903337270104974,73.0464840413017,18.903272876768547,73.04648378925053,                                                            ,                                                                                                    
D-4 4                         ,                              ,                              ,                              ,18.903328417696336,73.04643110150761,18.903204035595536,73.0464562046084,18.90320847622137,73.04648324963472,18.903332843900657,73.04645757140466,18.903268443353475,73.04645703178885,                                                            ,                                                                                                    
D-4 3                         ,                              ,                              ,                              ,18.90332399134065,73.04640463164066,18.903199594818343,73.04642915961223,18.90320403544418,73.0464562046385,18.903328417544973,73.04643110153772,18.903264009787033,73.04643027435728,                                                            ,                                                                                                    
D-4 2                         ,                              ,                              ,                              ,18.9033195652877,73.04637816171352,18.903195154343877,73.04640211455579,18.903199594969706,73.0464291595821,18.903323991492016,73.04640463161056,18.903259576523325,73.0464035168655,                                                            ,                                                                                                    
D-4 1                         ,                              ,                              ,                              ,18.90331513908338,73.04635169181647,18.903190713718047,73.04637506952947,18.903195154343877,73.04640211455579,18.9033195652877,73.04637816171352,18.90325514310825,73.04637675940381,                                                            ,                                                                                                    
F-1 4                         ,                              ,                              ,                              ,18.903826094197854,73.04626128458632,18.903797546870358,73.04626128458632,18.90379374055868,73.04637393736495,18.9038219706944,73.04637594902171,18.90380983808032,73.04631811388982,                                                            ,                                                                                                    
F-1 3                         ,                              ,                              ,                              ,18.903854641525353,73.04626128458632,18.903826094197854,73.04626128458632,18.9038219706944,73.04637594902171,18.903850200830117,73.04637796067847,18.90383822681193,73.0463191197182,                                                            ,                                                                                                    
F-1 2                         ,                              ,                              ,                              ,18.903883188852852,73.04626128458632,18.903854641525353,73.04626128458632,18.903850200830117,73.04637796067847,18.903878430965836,73.04637997233523,18.90386661554354,73.04632012554659,                                                            ,                                                                                                    
F-1 1                         ,                              ,                              ,                              ,18.903911736180348,73.04626128458632,18.903883188852852,73.04626128458632,18.903878430965836,73.04637997233523,18.903906661101555,73.04638198399199,18.90389500427515,73.04632113137497,                                                            ,                                                                                                    
F-2 5                         ,                              ,                              ,                              ,18.9038186084534,73.04612341904296,18.903795009329244,73.04612449192656,18.90379374055868,73.04625592016829,18.90381784719088,73.04625565194739,18.90380630138305,73.0461898707713,                                                            ,                                                                                                    
F-2 4                         ,                              ,                              ,                              ,18.903842207577554,73.04612234615935,18.9038186084534,73.04612341904296,18.90381784719088,73.04625565194739,18.90384195382308,73.04625538372649,18.90383015426123,73.04618920021905,                                                            ,                                                                                                    
F-2 3                         ,                              ,                              ,                              ,18.90386580670171,73.04612127327574,18.903842207577554,73.04612234615935,18.90384195382308,73.04625538372649,18.903866060455282,73.04625511550559,18.903854007139408,73.0461885296668,                                                            ,                                                                                                    
F-2 2                         ,                              ,                              ,                              ,18.903889405825865,73.04612020039214,18.90386580670171,73.04612127327574,18.903866060455282,73.04625511550559,18.903890167087482,73.04625484728469,18.903877860017584,73.04618785911454,                                                            ,                                                                                                    
F-2 1                         ,                              ,                              ,                              ,18.90391300495002,73.04611912750853,18.903889405825865,73.04612020039214,18.903890167087482,73.04625484728469,18.903914273719682,73.04625457906378,18.903901712895763,73.04618718856229,                                                            ,                                                                                                    
F-3 5                         ,                              ,                              ,                              ,18.90381632863803,73.04601075023974,18.90379342832972,73.04601248966945,18.903797546870358,73.04611912750853,18.903821399748082,73.04611671352042,18.903807175896546,73.04606477023454,                                                            ,                                                                                                    
F-3 4                         ,                              ,                              ,                              ,18.90383922894634,73.04600901081002,18.90381632863803,73.04601075023974,18.903821399748082,73.04611671352042,18.903845252625807,73.0461142995323,18.903830552489566,73.04606269352561,                                                            ,                                                                                                    
F-3 3                         ,                              ,                              ,                              ,18.903862129254648,73.04600727138032,18.90383922894634,73.04600901081002,18.903845252625807,73.0461142995323,18.903869105503528,73.04611188554419,18.90385392908258,73.0460606168167,                                                            ,                                                                                                    
F-3 2                         ,                              ,                              ,                              ,18.903885029562957,73.0460055319506,18.903862129254648,73.04600727138032,18.903869105503528,73.04611188554419,18.903892958381252,73.04610947155608,18.903877305675596,73.0460585401078,                                                            ,                                                                                                    
F-3 1                         ,                              ,                              ,                              ,18.903907929871266,73.04600379252089,18.903885029562957,73.0460055319506,18.903892958381252,73.04610947155608,18.903916811258977,73.04610705756797,18.903900682268613,73.04605646339888,                                                            ,                                                                                                    
F-4 1                         ,                              ,                              ,                              ,18.903819756885113,73.04585640965745,18.903798439973404,73.04585828769959,18.903796278099794,73.04600379252089,18.903817847192254,73.04600245141638,18.90380808053764,73.04593023532357,                                                            ,                                                                                                    
F-4 2                         ,                              ,                              ,                              ,18.903841073796823,73.0458545316153,18.903819756885113,73.04585640965745,18.903817847192254,73.04600245141638,18.903839416284715,73.04600111031188,18.903829523539727,73.04592862575025,                                                            ,                                                                                                    
F-4 3                         ,                              ,                              ,                              ,18.903862390708532,73.04585265357318,18.903841073796823,73.0458545316153,18.903839416284715,73.04600111031188,18.90386098537717,73.04599976920737,18.90385096654181,73.04592701617693,                                                            ,                                                                                                    
F-4 4                         ,                              ,                              ,                              ,18.903883707620242,73.04585077553104,18.903862390708532,73.04585265357318,18.90386098537717,73.04599976920737,18.903882554469632,73.04599842810286,18.903872409543894,73.0459254066036,                                                            ,                                                                                                    
F-4 5                         ,                              ,                              ,                              ,18.90390502453195,73.0458488974889,18.903883707620242,73.04585077553104,18.903882554469632,73.04599842810286,18.903904123562093,73.04599708699836,18.903893852545977,73.04592379703028,                                                            ,                                                                                                    
C-7 7                         ,                              ,                              ,                              ,18.902925937081815,73.04684005952156,18.902867766887415,73.04684308296272,18.902868443999722,73.04686456918716,18.902926807758654,73.04686188697815,18.9028972389319,73.0468523996624,                                                            ,                                                                                                    
C-7 6                         ,                              ,                              ,                              ,18.902925066404972,73.04681823206496,18.90286708977511,73.04682159673828,18.902867766887415,73.04684308296272,18.902925937081815,73.04684005952156,18.90289646503733,73.04683074282188,                                                            ,                                                                                                    
C-7 5                         ,                              ,                              ,                              ,18.902924195728133,73.04679640460837,18.902866412662803,73.04680011051384,18.90286708977511,73.04682159673828,18.902925066404972,73.04681823206496,18.902895691142756,73.04680908598137,                                                            ,                                                                                                    
C-7 4                         ,                              ,                              ,                              ,18.90292332505129,73.0467745771518,18.902865735550495,73.0467786242894,18.902866412662803,73.04680011051384,18.902924195728133,73.04679640460837,18.90289491724818,73.04678742914085,                                                            ,                                                                                                    
C-7 3                         ,                              ,                              ,                              ,18.90292245437445,73.0467527496952,18.902865058438188,73.04675713806496,18.902865735550495,73.0467786242894,18.90292332505129,73.0467745771518,18.902894143353606,73.04676577230033,                                                            ,                                                                                                    
C-7 2                         ,                              ,                              ,                              ,18.90292158369761,73.04673092223861,18.902864381325884,73.04673565184052,18.902865058438188,73.04675713806496,18.90292245437445,73.0467527496952,18.902893369459033,73.04674411545982,                                                            ,                                                                                                    
C-7 1                         ,                              ,                              ,                              ,18.90292071302077,73.04670909478202,18.902863704213576,73.04671416561608,18.902864381325884,73.04673565184052,18.90292158369761,73.04673092223861,18.90289259556446,73.0467224586193,                                                            ,                                                                                                    
D-6 6                         ,                              ,                              ,                              ,18.903066429073533,73.04650422579846,18.902942485006328,73.04652676131622,18.902947108191764,73.04655075073242,18.903071448290873,73.0465292930603,18.903006867640624,73.04652775772685,                                                            ,                                                                                                    
D-6 5                         ,                              ,                              ,                              ,18.90306140985619,73.04647915853661,18.90293786182089,73.0465027719,18.902942485006328,73.04652676131622,18.903066429073533,73.04650422579846,18.903002046439234,73.04650322938782,                                                            ,                                                                                                    
D-6 4                         ,                              ,                              ,                              ,18.903056390638845,73.04645409127477,18.902933238635455,73.04647878248377,18.90293786182089,73.0465027719,18.90306140985619,73.04647915853661,18.902997225237847,73.04647870104878,                                                            ,                                                                                                    
D-6 3                         ,                              ,                              ,                              ,18.903051371421505,73.04642902401291,18.90292861545002,73.04645479306757,18.902933238635455,73.04647878248377,18.903056390638845,73.04645409127477,18.902992404036453,73.04645417270976,                                                            ,                                                                                                    
D-6 2                         ,                              ,                              ,                              ,18.903046352204164,73.04640395675106,18.902923992264583,73.04643080365136,18.90292861545002,73.04645479306757,18.903051371421505,73.04642902401291,18.902987582835067,73.04642964437072,                                                            ,                                                                                                    
D-6 1                         ,                              ,                              ,                              ,18.90304133298682,73.04637888948922,18.902919369079147,73.04640681423514,18.902923992264583,73.04643080365136,18.903046352204164,73.04640395675106,18.90298276163368,73.04640511603169,                                                            ,                                                                                                    
D-9 6                         ,                              ,                              ,                              ,18.902698158270212,73.0465671963946,18.902577105610543,73.04658003356987,18.902581700018786,73.04660707712173,18.902703157615882,73.04659504139003,18.902640030378855,73.04658733711906,                                                            ,                                                                                                    
D-9 5                         ,                              ,                              ,                              ,18.90269315892454,73.04653935139916,18.9025725112023,73.04655299001799,18.902577105610543,73.04658003356987,18.902698158270212,73.0465671963946,18.9026352335019,73.04655989284541,                                                            ,                                                                                                    
D-9 4                         ,                              ,                              ,                              ,18.902688159578865,73.04651150640373,18.90256791679406,73.04652594646612,18.9025725112023,73.04655299001799,18.90269315892454,73.04653935139916,18.902630436624943,73.04653244857175,                                                            ,                                                                                                    
D-9 3                         ,                              ,                              ,                              ,18.902683160233195,73.0464836614083,18.902563322385816,73.04649890291425,18.90256791679406,73.04652594646612,18.902688159578865,73.04651150640373,18.90262563974798,73.0465050042981,                                                            ,                                                                                                    
D-9 2                         ,                              ,                              ,                              ,18.902678160887525,73.04645581641286,18.902558727977574,73.04647185936237,18.902563322385816,73.04649890291425,18.902683160233195,73.0464836614083,18.902620842871027,73.04647756002444,                                                            ,                                                                                                    
D-9 1                         ,                              ,                              ,                              ,18.902673161541852,73.04642797141743,18.902554133569332,73.0464448158105,18.902558727977574,73.04647185936237,18.902678160887525,73.04645581641286,18.902616045994073,73.04645011575079,                                                            ,                                                                                                    
D-11 4                        ,                              ,                              ,                              ,18.90235340736181,73.04660580601993,18.902229019252584,73.04661678710062,18.902231472462507,73.04664678733845,18.902355453468225,73.04663661624588,18.902292338136284,73.04662649917623,                                                            ,                                                                                                    
D-11 3                        ,                              ,                              ,                              ,18.9023513612554,73.04657499579397,18.902226566042664,73.0465867868628,18.902229019252584,73.04661678710062,18.90235340736181,73.04660580601993,18.902290088478114,73.04659609394433,                                                            ,                                                                                                    
D-11 2                        ,                              ,                              ,                              ,18.902349315148985,73.04654418556802,18.90222411283274,73.04655678662498,18.902226566042664,73.0465867868628,18.9023513612554,73.04657499579397,18.902287838819944,73.04656568871243,                                                            ,                                                                                                    
D-11 1                        ,                              ,                              ,                              ,18.902347269042572,73.04651337534207,18.902221659622818,73.04652678638715,18.90222411283274,73.04655678662498,18.902349315148985,73.04654418556802,18.902285589161778,73.04653528348055,                                                            ,                                                                                                    
H-1 4                         ,                              ,                              ,                              ,18.90187817412387,73.04642743613908,18.90185484970532,73.04643077082225,18.90188035678386,73.04654287964124,18.901903328169027,73.04653949900663,18.901879177195518,73.0464851464023,                                                            ,                                                                                                    
H-1 3                         ,                              ,                              ,                              ,18.901901498542415,73.04642410145591,18.90187817412387,73.04642743613908,18.901903328169027,73.04653949900663,18.90192629955419,73.04653611837202,18.901902325097375,73.0464817887434,                                                            ,                                                                                                    
H-1 2                         ,                              ,                              ,                              ,18.901924822960964,73.04642076677274,18.901901498542415,73.04642410145591,18.90192629955419,73.04653611837202,18.901949270939355,73.0465327377374,18.90192547299923,73.04647843108452,                                                            ,                                                                                                    
H-1 1                         ,                              ,                              ,                              ,18.901948147379514,73.04641743208957,18.901924822960964,73.04642076677274,18.901949270939355,73.0465327377374,18.901972242324522,73.04652935710278,18.901948620901088,73.04647507342561,                                                            ,                                                                                                    
B-2 3                         ,                              ,                              ,                              ,18.903519855057556,73.04701140904082,18.90340633485552,73.04702385520706,18.903408203027155,73.0470485129322,18.903522392602877,73.04703644299163,18.903464196385777,73.04703005504292,                                                            ,                                                                                                    
B-2 2                         ,                              ,                              ,                              ,18.903517317512232,73.04698637509001,18.903404466683885,73.04699919748191,18.90340633485552,73.04702385520706,18.903519855057556,73.04701140904082,18.903461993527298,73.04700520920494,                                                            ,                                                                                                    
B-2 1                         ,                              ,                              ,                              ,18.903514779966912,73.04696134113921,18.90340259851225,73.04697453975677,18.903404466683885,73.04699919748191,18.903517317512232,73.04698637509001,18.90345979066882,73.04698036336697,                                                            ,                                                                                                    
A-2 4                         ,                              ,                              ,                              ,18.90314042814324,73.04722050958527,18.903028514339677,73.04722672277043,18.90303067902419,73.04725068443669,18.90314233130655,73.04724532001866,18.903085488203413,73.04723580920276,                                                            ,                                                                                                    
A-2 3                         ,                              ,                              ,                              ,18.903138524979923,73.04719569915189,18.903026349655164,73.04720276110419,18.903028514339677,73.04722672277043,18.90314042814324,73.04722050958527,18.903083454279503,73.04721142315294,                                                            ,                                                                                                    
A-2 2                         ,                              ,                              ,                              ,18.90313662181661,73.0471708887185,18.903024184970647,73.04717879943794,18.903026349655164,73.04720276110419,18.903138524979923,73.04719569915189,18.903081420355587,73.04718703710313,                                                            ,                                                                                                    
A-2 1                         ,                              ,                              ,                              ,18.9031347186533,73.04714607828511,18.903022020286134,73.04715483777169,18.903024184970647,73.04717879943794,18.90313662181661,73.0471708887185,18.903079386431674,73.04716265105331,                                                            ,                                                                                                    
B-5 6                         ,                              ,                              ,                              ,18.902837824906378,73.0470747762288,18.902733817485554,73.04708070316725,18.90273505387128,73.0471071862544,18.902839093684218,73.04710182183636,18.902786447486857,73.0470911218717,                                                            ,                                                                                                    
B-5 5                         ,                              ,                              ,                              ,18.902836556128534,73.04704773062123,18.902732581099826,73.04705422008013,18.902733817485554,73.04708070316725,18.902837824906378,73.0470747762288,18.90278519490507,73.04706435752435,                                                            ,                                                                                                    
B-5 4                         ,                              ,                              ,                              ,18.902835287350694,73.04702068501366,18.902731344714102,73.04702773699299,18.902732581099826,73.04705422008013,18.902836556128534,73.04704773062123,18.90278394232329,73.04703759317701,                                                            ,                                                                                                    
B-5 3                         ,                              ,                              ,                              ,18.902834018572854,73.0469936394061,18.902730108328377,73.04700125390585,18.902731344714102,73.04702773699299,18.902835287350694,73.04702068501366,18.902782689741507,73.04701082882966,                                                            ,                                                                                                    
B-5 2                         ,                              ,                              ,                              ,18.90283274979501,73.04696659379853,18.90272887194265,73.04697477081872,18.902730108328377,73.04700125390585,18.902834018572854,73.0469936394061,18.902781437159724,73.0469840644823,                                                            ,                                                                                                    
B-5 1                         ,                              ,                              ,                              ,18.90283148101717,73.04693954819096,18.902727635556925,73.04694828773158,18.90272887194265,73.04697477081872,18.90283274979501,73.04696659379853,18.90278018457794,73.04695730013495,                                                            ,                                                                                                    
H-6 5                         ,                              ,                              ,                              ,18.901981009015746,73.04707155364439,18.90195855956574,73.04707365864171,18.901968709841338,73.04719033473386,18.90199104043954,73.04718926185025,18.90197482971559,73.04713120221754,                                                            ,                                                                                                    
H-6 4                         ,                              ,                              ,                              ,18.902003458465753,73.04706944864706,18.901981009015746,73.04707155364439,18.90199104043954,73.04718926185025,18.902013371037743,73.04718818896664,18.901997219739695,73.04712961327708,                                                            ,                                                                                                    
H-6 3                         ,                              ,                              ,                              ,18.902025907915757,73.04706734364976,18.902003458465753,73.04706944864706,18.902013371037743,73.04718818896664,18.902035701635942,73.04718711608304,18.902019609763798,73.04712802433662,                                                            ,                                                                                                    
H-6 2                         ,                              ,                              ,                              ,18.902048357365764,73.04706523865244,18.902025907915757,73.04706734364976,18.902035701635942,73.04718711608304,18.902058032234144,73.04718604319943,18.902041999787905,73.04712643539617,                                                            ,                                                                                                    
H-6 1                         ,                              ,                              ,                              ,18.90207080681577,73.04706313365512,18.902048357365764,73.04706523865244,18.902058032234144,73.04718604319943,18.902080362832347,73.04718497031583,18.902064389812008,73.0471248464557,                                                            ,                                                                                                    
H-4 4                         ,                              ,                              ,                              ,18.901948409284845,73.04681951933755,18.901925571165776,73.04682153099431,18.901935721443387,73.04694223039998,18.901959193953047,73.04693988346709,18.90194222396176,73.04688079104973,                                                            ,                                                                                                    
H-4 3                         ,                              ,                              ,                              ,18.901971247403914,73.04681750768079,18.901948409284845,73.04681951933755,18.901959193953047,73.04693988346709,18.901982666462708,73.0469375365342,18.901965379276128,73.0468786117549,                                                            ,                                                                                                    
H-4 2                         ,                              ,                              ,                              ,18.901994085522983,73.04681549602402,18.901971247403914,73.04681750768079,18.901982666462708,73.0469375365342,18.90200613897237,73.04693518960131,18.901988534590494,73.04687643246008,                                                            ,                                                                                                    
H-4 1                         ,                              ,                              ,                              ,18.90201692364205,73.04681348436726,18.901994085522983,73.04681549602402,18.90200613897237,73.04693518960131,18.902029611482032,73.04693284266843,18.90201168990486,73.04687425316526,                                                            ,                                                                                                    
H-2 1                         ,                              ,                              ,                              ,18.901905781769216,73.04654901687782,18.901881845248287,73.04655071505,18.901892582759316,73.04666998618497,18.901917641255345,73.04666830980433,18.90189946275804,73.04660950697928,                                                            ,                                                                                                    
H-2 2                         ,                              ,                              ,                              ,18.90192971829014,73.04654731870563,18.901905781769216,73.04654901687782,18.901917641255345,73.04666830980433,18.901942699751377,73.0466666334237,18.90192396026652,73.04660781970287,                                                            ,                                                                                                    
H-2 3                         ,                              ,                              ,                              ,18.90195365481107,73.04654562053345,18.90192971829014,73.04654731870563,18.901942699751377,73.0466666334237,18.90196775824741,73.04666495704306,18.901948457775,73.04660613242646,                                                            ,                                                                                                    
H-2 4                         ,                              ,                              ,                              ,18.901977591332,73.04654392236127,18.90195365481107,73.04654562053345,18.90196775824741,73.04666495704306,18.901992816743437,73.04666328066243,18.901972955283476,73.04660444515005,                                                            ,                                                                                                    
C-8 5                         ,                              ,                              ,                              ,18.902739841755828,73.04683208356383,18.902867227075195,73.04682350049498,18.902869257119388,73.04685112724783,18.902741110534407,73.04686051497939,18.902804359121205,73.0468418065715,                                                            ,                                                                                                    
C-8 4                         ,                              ,                              ,                              ,18.902738572977245,73.04680365214827,18.902865197031,73.04679587374213,18.902867227075195,73.04682350049498,18.902739841755828,73.04683208356383,18.902802709709817,73.0468137774873,                                                            ,                                                                                                    
C-8 3                         ,                              ,                              ,                              ,18.902737304198666,73.04677522073271,18.902863166986805,73.04676824698927,18.902865197031,73.04679587374213,18.902738572977245,73.04680365214827,18.90280106029843,73.0467857484031,                                                            ,                                                                                                    
C-8 2                         ,                              ,                              ,                              ,18.902736035420084,73.04674678931715,18.90286113694261,73.04674062023642,18.902863166986805,73.04676824698927,18.902737304198666,73.04677522073271,18.90279941088704,73.04675771931889,                                                            ,                                                                                                    
C-8 1                         ,                              ,                              ,                              ,18.902734766641505,73.0467183579016,18.90285910689842,73.04671299348357,18.90286113694261,73.04674062023642,18.902736035420084,73.04674678931715,18.902797761475654,73.04672969023468,                                                            ,                                                                                                    
C-12 5                        ,                              ,                              ,                              ,18.902106725085154,73.04664136605517,18.902225114090918,73.04663533048002,18.902227144142902,73.04666161612836,18.902107878549867,73.0466683216509,18.90216671546721,73.04665165857861,                                                            ,                                                                                                    
D-12 4                        ,                              ,                              ,                              ,18.902105571620442,73.04661441045945,18.90222308403893,73.04660904483167,18.902225114090918,73.04663533048002,18.902106725085154,73.04664136605517,18.902165123708862,73.04662503795657,                                                            ,                                                                                                    
D-12 3                        ,                              ,                              ,                              ,18.902104418155734,73.04658745486373,18.902221053986946,73.04658275918332,18.90222308403893,73.04660904483167,18.902105571620442,73.04661441045945,18.902163531950514,73.04659841733454,                                                            ,                                                                                                    
D-12 2                        ,                              ,                              ,                              ,18.90210326469102,73.04656049926801,18.902219023934958,73.04655647353498,18.902221053986946,73.04658275918332,18.902104418155734,73.04658745486373,18.902161940192165,73.0465717967125,                                                            ,                                                                                                    
D-12 1                        ,                              ,                              ,                              ,18.90210211122631,73.04653354367228,18.902216993882973,73.04653018788663,18.902219023934958,73.04655647353498,18.90210326469102,73.04656049926801,18.902160348433817,73.04654517609048,                                                            ,                                                                                                    
C-12 5                        ,                              ,                              ,                              ,18.902160093404962,73.04685497798782,18.90227455004416,73.04683930062903,18.902278610147007,73.04686612271918,18.90216315093952,73.04688355707778,18.902219101133912,73.04686098960345,                                                            ,                                                                                                    
C-12 4                        ,                              ,                              ,                              ,18.902157035870406,73.04682639889788,18.902270489941316,73.04681247853888,18.90227455004416,73.04683930062903,18.902160093404962,73.04685497798782,18.90221554231521,73.0468332890134,                                                            ,                                                                                                    
C-12 3                        ,                              ,                              ,                              ,18.902153978335846,73.04679781980792,18.90226642983847,73.04678565644873,18.902270489941316,73.04681247853888,18.902157035870406,73.04682639889788,18.90221198349651,73.04680558842335,                                                            ,                                                                                                    
C-12 2                        ,                              ,                              ,                              ,18.90215092080129,73.04676924071798,18.902262369735624,73.04675883435858,18.90226642983847,73.04678565644873,18.902153978335846,73.04679781980792,18.90220842467781,73.0467778878333,                                                            ,                                                                                                    
C-12 1                        ,                              ,                              ,                              ,18.902147863266734,73.04674066162802,18.902258309632778,73.04673201226844,18.902262369735624,73.04675883435858,18.90215092080129,73.04676924071798,18.902204865859105,73.04675018724326,                                                            ,                                                                                                    
C-11 5                        ,                              ,                              ,                              ,18.90238747161237,73.04675534748687,18.90227722235152,73.04677046613624,18.902273386252123,73.046745210886,18.90238391902502,73.04673067116393,18.902330499810255,73.04675042391825,                                                            ,                                                                                                    
C-11 4                        ,                              ,                              ,                              ,18.902391024199723,73.0467800238098,18.902281058450917,73.04679572138649,18.90227722235152,73.04677046613624,18.90238747161237,73.04675534748687,18.90233419415363,73.04677538970485,                                                            ,                                                                                                    
C-11 3                        ,                              ,                              ,                              ,18.90239457678707,73.04680470013274,18.902284894550313,73.04682097663672,18.902281058450917,73.04679572138649,18.902391024199723,73.0467800238098,18.902337888497005,73.04680035549144,                                                            ,                                                                                                    
C-11 2                        ,                              ,                              ,                              ,18.902398129374422,73.04682937645568,18.902288730649712,73.04684623188697,18.902284894550313,73.04682097663672,18.90239457678707,73.04680470013274,18.90234158284038,73.04682532127804,                                                            ,                                                                                                    
C-11 1                        ,                              ,                              ,                              ,18.902401681961774,73.04685405277861,18.902292566749107,73.04687148713721,18.902288730649712,73.04684623188697,18.902398129374422,73.04682937645568,18.902345277183752,73.04685028706461,                                                            ,                                                                                                    
C-10 5                        ,                              ,                              ,                              ,18.90239953289867,73.04675383644035,18.902515897534634,73.04674290060291,18.90251385767257,73.04671783648669,18.902396458070715,73.04672911763191,18.902456436544146,73.04673592279048,                                                            ,                                                                                                    
C-10 4                        ,                              ,                              ,                              ,18.902402607726625,73.04677855524879,18.9025179373967,73.04676796471914,18.902515897534634,73.04674290060291,18.90239953289867,73.04675383644035,18.902458993889155,73.04676081425279,                                                            ,                                                                                                    
C-10 3                        ,                              ,                              ,                              ,18.90240568255458,73.04680327405723,18.902519977258766,73.04679302883535,18.9025179373967,73.04676796471914,18.902402607726625,73.04677855524879,18.90246155123417,73.04678570571514,                                                            ,                                                                                                    
C-10 2                        ,                              ,                              ,                              ,18.902408757382535,73.04682799286567,18.90252201712083,73.04681809295158,18.902519977258766,73.04679302883535,18.90240568255458,73.04680327405723,18.902464108579174,73.04681059717745,                                                            ,                                                                                                    
C-10 1                        ,                              ,                              ,                              ,18.90241183221049,73.0468527116741,18.902524056982895,73.0468431570678,18.90252201712083,73.04681809295158,18.902408757382535,73.04682799286567,18.902466665924187,73.0468354886398,                                                            ,                                                                                                    
C-9 5                         ,                              ,                              ,                              ,18.90252473288712,73.04681984838446,18.902639705132234,73.04680979632987,18.902641481423316,73.04683527731551,18.902526022466212,73.04684466504706,18.90258298547722,73.04682739676922,                                                            ,                                                                                                    
C-9 4                         ,                              ,                              ,                              ,18.902523443308027,73.04679503172186,18.902637928841152,73.04678431534423,18.902639705132234,73.04680979632987,18.90252473288712,73.04681984838446,18.902581452542133,73.04680224794511,                                                            ,                                                                                                    
C-9 3                         ,                              ,                              ,                              ,18.90252342240036,73.04677021507733,18.9026374212215,73.04675883437656,18.902639197512585,73.04678431536239,18.902524711979456,73.04679503174012,18.902581188278475,73.04677709913909,                                                            ,                                                                                                    
C-9 2                         ,                              ,                              ,                              ,18.90252086414984,73.04674539839664,18.90263437625899,73.04673335337294,18.902636152550073,73.04675883435858,18.90252215372893,73.04677021505924,18.90257838667196,73.04675195029685,                                                            ,                                                                                                    
C-9 1                         ,                              ,                              ,                              ,18.902519574570746,73.04672058173404,18.90263259996791,73.0467078723873,18.90263437625899,73.04673335337294,18.90252086414984,73.04674539839664,18.90257685373687,73.04672680147273,                                                            ,                                                                                                    
D-1 5                         ,                              ,                              ,                              ,18.903684522165157,73.04634278926773,18.90357287024461,73.0463559320919,18.903570840209053,73.04633152398986,18.903682492130955,73.04631811294479,18.903627681187444,73.04633708957357,                                                            ,                                                                                                    
D-1 4                         ,                              ,                              ,                              ,18.903686552199364,73.04636746559066,18.90357490028017,73.04638034019393,18.90357287024461,73.0463559320919,18.903684522165157,73.04634278926773,18.903629711222326,73.04636163178606,                                                            ,                                                                                                    
D-1 3                         ,                              ,                              ,                              ,18.903688582233567,73.0463921419136,18.903576930315726,73.04640474829597,18.90357490028017,73.04638034019393,18.903686552199364,73.04636746559066,18.903631741257207,73.04638617399854,                                                            ,                                                                                                    
D-1 2                         ,                              ,                              ,                              ,18.903690612267773,73.04641681823654,18.903578960351286,73.046429156398,18.903576930315726,73.04640474829597,18.903688582233567,73.0463921419136,18.90363377129209,73.04641071621103,                                                            ,                                                                                                    
D-1 1                         ,                              ,                              ,                              ,18.903692642301976,73.04644149455947,18.903580990386843,73.04645356450004,18.903578960351286,73.046429156398,18.903690612267773,73.04641681823654,18.90363580132697,73.04643525842351,                                                            ,                                                                                                    
D-2 5                         ,                              ,                              ,                              ,18.903567434001904,73.0463473834957,18.903445855819353,73.04635833806717,18.903443348026087,73.0463296809162,18.90356515021183,73.04631895208014,18.903505447014794,73.0463385886398,                                                            ,                                                                                                    
D-2 4                         ,                              ,                              ,                              ,18.903569717791974,73.04637581491126,18.903448363612615,73.04638699521811,18.903445855819353,73.04635833806717,18.903567434001904,73.0463473834957,18.903507842806462,73.04636713292307,                                                            ,                                                                                                    
D-2 3                         ,                              ,                              ,                              ,18.90357200158205,73.04640424632682,18.90345087140588,73.04641565236908,18.903448363612615,73.04638699521811,18.903569717791974,73.04637581491126,18.90351023859813,73.04639567720632,                                                            ,                                                                                                    
D-2 2                         ,                              ,                              ,                              ,18.903574285372116,73.04643267774237,18.903453379199135,73.04644430952003,18.903450871405873,73.04641565236908,18.903572001582045,73.04640424632682,18.90351263438979,73.04642422148957,                                                            ,                                                                                                    
D-2 1                         ,                              ,                              ,                              ,18.903576569162194,73.04646110915793,18.903455886992408,73.04647296667099,18.903453379199142,73.04644430952003,18.90357428537212,73.04643267774237,18.903515030181467,73.04645276577283,                                                            ,                                                                                                    
D-3 6                         ,                              ,                              ,                              ,18.903340488828405,73.04647463569515,18.90344926896746,73.04646021508826,18.903453498211626,73.04648524903907,18.903344307196875,73.04649964582292,18.90339689080109,73.04647993641134,                                                            ,                                                                                                    
D-3 5                         ,                              ,                              ,                              ,18.903336670459936,73.04644962556738,18.90344503972329,73.04643518113745,18.90344926896746,73.04646021508826,18.903340488828405,73.04647463569515,18.903392866994775,73.04645491437205,                                                            ,                                                                                                    
D-3 4                         ,                              ,                              ,                              ,18.903332852091467,73.0464246154396,18.903440810479125,73.04641014718665,18.90344503972329,73.04643518113745,18.903336670459936,73.04644962556738,18.903388843188456,73.04642989233277,                                                            ,                                                                                                    
D-3 3                         ,                              ,                              ,                              ,18.903329033722994,73.04639960531185,18.90343658123496,73.04638511323584,18.903440810479125,73.04641014718665,18.903332852091467,73.0464246154396,18.903384819382136,73.04640487029349,                                                            ,                                                                                                    
D-3 2                         ,                              ,                              ,                              ,18.903325215354524,73.04637459518408,18.90343235199079,73.04636007928504,18.90343658123496,73.04638511323584,18.903329033722994,73.04639960531185,18.903380795575817,73.04637984825419,                                                            ,                                                                                                    
D-3 1                         ,                              ,                              ,                              ,18.903321396986055,73.0463495850563,18.903428122746625,73.04633504533423,18.90343235199079,73.04636007928504,18.903325215354524,73.04637459518408,18.903376771769498,73.04635482621491,                                                            ,                                                                                                    
D-5 7                         ,                              ,                              ,                              ,18.903088352612016,73.04653220486216,18.903202443160037,73.04651429312511,18.903206611992626,73.04653996569711,18.90309242220139,73.0465574000557,18.90314745749152,73.04653596593502,                                                            ,                                                                                                    
D-5 6                         ,                              ,                              ,                              ,18.90308428302264,73.0465070096686,18.903198274327448,73.0464886205531,18.903202443160037,73.04651429312511,18.903088352612016,73.04653220486216,18.903143338280536,73.04651053205225,                                                            ,                                                                                                    
D-5 5                         ,                              ,                              ,                              ,18.903080213433267,73.04648181447506,18.90319410549486,73.04646294798111,18.903198274327448,73.0464886205531,18.90308428302264,73.0465070096686,18.90313921906955,73.04648509816947,                                                            ,                                                                                                    
D-5 4                         ,                              ,                              ,                              ,18.903076143843894,73.04645661928151,18.903189936662265,73.0464372754091,18.90319410549486,73.04646294798111,18.903080213433267,73.04648181447506,18.903135099858574,73.0464596642867,                                                            ,                                                                                                    
D-5 3                         ,                              ,                              ,                              ,18.90307207425452,73.04643142408797,18.903185767829676,73.04641160283711,18.903189936662265,73.0464372754091,18.903076143843894,73.04645661928151,18.90313098064759,73.04643423040393,                                                            ,                                                                                                    
D-5 2                         ,                              ,                              ,                              ,18.903068004665144,73.04640622889441,18.903181598997087,73.0463859302651,18.903185767829676,73.04641160283711,18.90307207425452,73.04643142408797,18.903126861436608,73.04640879652115,                                                            ,                                                                                                    
D-5 1                         ,                              ,                              ,                              ,18.90306393507577,73.04638103370087,18.903177430164497,73.04636025769311,18.903181598997087,73.0463859302651,18.903068004665144,73.04640622889441,18.903122742225626,73.04638336263837,                                                            ,                                                                                                    
D-7 6                         ,                              ,                              ,                              ,18.902827247829645,73.04657215220529,18.902945244132695,73.04655672950345,18.90295158801821,73.04658690435487,18.90283232294156,73.04660299760896,18.90288910073053,73.04657969591814,                                                            ,                                                                                                    
D-7 5                         ,                              ,                              ,                              ,18.902822172717727,73.04654130680161,18.90293890024718,73.04652655465203,18.902945244132695,73.04655672950345,18.902827247829645,73.04657215220529,18.90288339123181,73.0465491857906,                                                            ,                                                                                                    
D-7 4                         ,                              ,                              ,                              ,18.902817097605812,73.04651046139794,18.902932556361662,73.04649637980062,18.90293890024718,73.04652655465203,18.902822172717727,73.04654130680161,18.902877681733095,73.04651867566305,                                                            ,                                                                                                    
D-7 3                         ,                              ,                              ,                              ,18.902812022493894,73.04647961599427,18.902926212476146,73.0464662049492,18.902932556361662,73.04649637980062,18.902817097605812,73.04651046139794,18.90287197223438,73.04648816553551,                                                            ,                                                                                                    
D-7 2                         ,                              ,                              ,                              ,18.90280694738198,73.0464487705906,18.90291986859063,73.04643603009778,18.902926212476146,73.0464662049492,18.902812022493894,73.04647961599427,18.90286626273566,73.04645765540796,                                                            ,                                                                                                    
D-7 1                         ,                              ,                              ,                              ,18.90280187227006,73.04641792518693,18.902913524705113,73.04640585524636,18.90291986859063,73.04643603009778,18.90280694738198,73.0464487705906,18.902860553236945,73.04642714528042,                                                            ,                                                                                                    
D-8 7                         ,                              ,                              ,                              ,18.90270622665502,73.04659848379325,18.902820463288347,73.04658460257322,18.902825305556114,73.04661110043526,18.902711115504644,73.04662585258484,18.90276577775103,73.04660500984664,                                                            ,                                                                                                    
D-8 6                         ,                              ,                              ,                              ,18.9027013378054,73.04657111500165,18.902815621020583,73.04655810471118,18.902820463288347,73.04658460257322,18.90270622665502,73.04659848379325,18.902760912192335,73.04657807651984,                                                            ,                                                                                                    
D-8 5                         ,                              ,                              ,                              ,18.902696448955776,73.04654374621006,18.902810778752816,73.04653160684914,18.902815621020583,73.04655810471118,18.9027013378054,73.04657111500165,18.90275604663364,73.046551143193,                                                            ,                                                                                                    
D-8 4                         ,                              ,                              ,                              ,18.90268902254718,73.04651637742259,18.902803398926086,73.04650510899143,18.90280824119384,73.04653160685305,18.902693911396813,73.0465437462138,18.902748643515977,73.04652420987021,                                                            ,                                                                                                    
D-8 3                         ,                              ,                              ,                              ,18.902686671256532,73.04648900862686,18.902801094217285,73.04647861112508,18.902805936485052,73.04650510898712,18.902691560106156,73.04651637741846,18.902746315516254,73.04649727653938,                                                            ,                                                                                                    
D-8 2                         ,                              ,                              ,                              ,18.902681782406912,73.04646163983527,18.90279625194952,73.04645211326304,18.902801094217285,73.04647861112508,18.902686671256532,73.04648900862686,18.902741449957563,73.04647034321256,                                                            ,                                                                                                    
D-8 1                         ,                              ,                              ,                              ,18.902676893557288,73.04643427104368,18.902791409681754,73.046425615401,18.90279625194952,73.04645211326304,18.902681782406912,73.04646163983527,18.90273658439887,73.04644340988575,                                                            ,                                                                                                    
C-4 9                         ,                              ,                              ,                              ,18.90328238598838,73.04663815180544,18.903218794654883,73.04665047482189,18.903214850784455,73.0466247188546,18.903278619791084,73.04661202892754,18.9032486628047,73.04663134360237,                                                            ,                                                                                                    
C-4 8                         ,                              ,                              ,                              ,18.903286152185675,73.04666427468332,18.90322273852531,73.04667623078916,18.903218794654883,73.04665047482189,18.90328238598838,73.04663815180544,18.903252517838563,73.04665728302496,                                                            ,                                                                                                    
C-4 7                         ,                              ,                              ,                              ,18.90328991838297,73.04669039756122,18.903226682395736,73.04670198675645,18.90322273852531,73.04667623078916,18.903286152185675,73.04666427468332,18.903256372872423,73.04668322244754,                                                            ,                                                                                                    
C-4 6                         ,                              ,                              ,                              ,18.903293684580266,73.0467165204391,18.903230626266165,73.04672774272372,18.903226682395736,73.04670198675645,18.90328991838297,73.04669039756122,18.903260227906284,73.04670916187013,                                                            ,                                                                                                    
C-4 5                         ,                              ,                              ,                              ,18.90329745077756,73.046742643317,18.903234570136593,73.046753498691,18.903230626266165,73.04672774272372,18.903293684580266,73.0467165204391,18.903264082940147,73.04673510129271,                                                            ,                                                                                                    
C-4 4                         ,                              ,                              ,                              ,18.903301216974857,73.04676876619489,18.903238514007022,73.04677925465828,18.903234570136593,73.046753498691,18.90329745077756,73.046742643317,18.903267937974007,73.0467610407153,                                                            ,                                                                                                    
C-4 3                         ,                              ,                              ,                              ,18.903303714404718,73.04679354795373,18.903241189110002,73.04680366950643,18.90323724523958,73.04677791353932,18.903299948207422,73.04676742507601,18.90327052424043,73.04678563901888,                                                            ,                                                                                                    
C-4 2                         ,                              ,                              ,                              ,18.903308749369447,73.04682101195067,18.903246401747875,73.04683076659283,18.903242457877447,73.04680501062556,18.903304983172152,73.04679488907279,18.90327564804173,73.04681291956047,                                                            ,                                                                                                    
C-4 1                         ,                              ,                              ,                              ,18.903312515566743,73.04684713482857,18.903250345618304,73.04685652256012,18.903246401747875,73.04683076659283,18.903308749369447,73.04682101195067,18.90327950307559,73.04683885898305,                                                            ,                                                                                                    
C-3 9                         ,                              ,                              ,                              ,18.903311192805287,73.04682028021018,18.903433558986347,73.04680061067741,18.903437647256233,73.04682638968627,18.903314576203478,73.04684650625389,18.903374243812834,73.04682344670694,                                                            ,                                                                                                    
C-3 8                         ,                              ,                              ,                              ,18.903307809407096,73.04679405416648,18.903429470716464,73.04677483166854,18.903433558986347,73.04680061067741,18.903311192805287,73.04682028021018,18.9033705079788,73.04679744418065,                                                            ,                                                                                                    
C-3 7                         ,                              ,                              ,                              ,18.903304426008898,73.04676782812278,18.90342538244658,73.04674905265968,18.903429470716464,73.04677483166856,18.903307809407096,73.04679405416648,18.90336677214476,73.04677144165437,                                                            ,                                                                                                    
C-3 6                         ,                              ,                              ,                              ,18.90330104261071,73.04674160207908,18.903421294176695,73.04672327365081,18.903425382446578,73.04674905265968,18.9033044260089,73.04676782812278,18.903363036310722,73.04674543912809,                                                            ,                                                                                                    
C-3 5                         ,                              ,                              ,                              ,18.90329765921252,73.04671537603538,18.90341720590681,73.04669749464195,18.903421294176695,73.04672327365081,18.90330104261071,73.04674160207908,18.903359300476684,73.0467194366018,                                                            ,                                                                                                    
C-3 4                         ,                              ,                              ,                              ,18.90329427581433,73.04668914999168,18.903413117636926,73.04667171563308,18.90341720590681,73.04669749464195,18.90329765921252,73.04671537603538,18.903355564642645,73.04669343407552,                                                            ,                                                                                                    
C-3 3                         ,                              ,                              ,                              ,18.903294698853372,73.04666292394361,18.903412835804282,73.04664593661947,18.90341692407417,73.04667171562892,18.90329808225157,73.04668914998791,18.90335563524585,73.04666743154498,                                                            ,                                                                                                    
C-3 2                         ,                              ,                              ,                              ,18.903287509017943,73.04663669790428,18.903404941097158,73.04662015761535,18.90340902936704,73.04664593662422,18.903290892416134,73.04666292394798,18.903348092974568,73.04664142902296,                                                            ,                                                                                                    
C-3 1                         ,                              ,                              ,                              ,18.903284125619752,73.04661047186057,18.90340085282727,73.04659437860649,18.903404941097158,73.04662015761535,18.903287509017943,73.04663669790428,18.903344357140533,73.04661542649667,                                                            ,                                                                                                    
C-2 8                         ,                              ,                              ,                              ,18.90344169036619,73.0468024931783,18.903558022077075,73.04678967695038,18.90356071821847,73.0468143197457,18.903443991122487,73.04682638968627,18.903501105446054,73.04680821989017,                                                            ,                                                                                                    
C-2 7                         ,                              ,                              ,                              ,18.903439389609893,73.04677859667034,18.903555325935677,73.04676503415506,18.903558022077075,73.04678967695038,18.90344169036619,73.0468024931783,18.90349860699721,73.04678395023852,                                                            ,                                                                                                    
C-2 6                         ,                              ,                              ,                              ,18.903437088853593,73.04675470016237,18.903552629794284,73.04674039135973,18.903555325935677,73.04676503415506,18.903439389609893,73.04677859667034,18.90349610854836,73.04675968058687,                                                            ,                                                                                                    
C-2 5                         ,                              ,                              ,                              ,18.903434788097297,73.04673080365441,18.90354993365289,73.04671574856441,18.903552629794284,73.04674039135973,18.903437088853593,73.04675470016237,18.903493610099517,73.04673541093523,                                                            ,                                                                                                    
C-2 4                         ,                              ,                              ,                              ,18.903432487341,73.04670690714644,18.903547237511496,73.04669110576909,18.90354993365289,73.04671574856441,18.903434788097297,73.04673080365441,18.90349111165067,73.0467111412836,                                                            ,                                                                                                    
C-2 3                         ,                              ,                              ,                              ,18.9034301865847,73.04668301063847,18.903544541370103,73.04666646297376,18.903547237511496,73.04669110576909,18.903432487341,73.04670690714644,18.903488613201823,73.04668687163195,                                                            ,                                                                                                    
C-2 2                         ,                              ,                              ,                              ,18.903427885828403,73.0466591141305,18.903541845228705,73.04664182017844,18.903544541370103,73.04666646297376,18.9034301865847,73.04668301063847,18.90348611475298,73.0466626019803,                                                            ,                                                                                                    
C-2 1                         ,                              ,                              ,                              ,18.903425585001198,73.04663387652064,18.903539149016403,73.04661583628125,18.9035418451578,73.04664047907656,18.9034278857575,73.04665777302864,18.903483616233224,73.04663699122676,                                                            ,                                                                                                    
C-1 6                         ,                              ,                              ,                              ,18.903557645926444,73.04673324316649,18.90366856383251,73.046718207256,18.903671101375632,73.0467419001023,18.903560076521792,73.04675726098587,18.903614346914097,73.04673765287767,                                                            ,                                                                                                    
C-1 5                         ,                              ,                              ,                              ,18.903555215331092,73.04670922534712,18.903666026289393,73.04669451440971,18.90366856383251,73.046718207256,18.903557645926444,73.04673324316649,18.90361186284486,73.04671379754483,                                                            ,                                                                                                    
C-1 4                         ,                              ,                              ,                              ,18.903552784735744,73.04668520752773,18.903663488746272,73.04667082156341,18.903666026289393,73.04669451440971,18.903555215331092,73.04670922534712,18.903609378775624,73.04668994221198,                                                            ,                                                                                                    
C-1 3                         ,                              ,                              ,                              ,18.903550354140396,73.04666118970835,18.90366095120315,73.04664712871711,18.903663488746272,73.04667082156341,18.903552784735744,73.04668520752773,18.903606894706392,73.04666608687914,                                                            ,                                                                                                    
C-1 2                         ,                              ,                              ,                              ,18.903547923545045,73.04663717188897,18.903658413660033,73.04662343587081,18.90366095120315,73.04664712871711,18.903550354140396,73.04666118970835,18.903604410637154,73.04664223154631,                                                            ,                                                                                                    
C-1 1                         ,                              ,                              ,                              ,18.903545492949696,73.04661315406959,18.90365587611691,73.04659974302452,18.903658413660033,73.04662343587081,18.903547923545045,73.04663717188897,18.90360192656792,73.04661837621347,                                                            ,                                                                                                    